Month,Tx_count,Active_Waitlist,Donor_MoD,,,,
1,42,13637,1,,,0,Missing
2,50,13503,1,,Key,1,Drug Overdose
3,57,13568,1,,,2,Cardiovascular
4,44,13508,1,,,3,Gunshot wound
5,64,13461,1,,,4,Blunt Injury
6,55,13545,1,,,5,ICH/stroke
7,56,13583,1,,,6,Others
8,79,13440,1,,,7,Total
9,67,13349,1,,,,
10,57,13422,1,,,,
11,48,13284,1,,,,
12,67,13280,1,,,,
13,77,13108,1,,,,
14,74,13105,1,,,,
15,86,13214,1,,,,
16,70,13198,1,,,,
17,72,13218,1,,,,
18,87,13153,1,,,,
19,105,13036,1,,,,
20,85,13069,1,,,,
21,71,12980,1,,,,
22,68,12990,1,,,,
23,102,12918,1,,,,
24,115,12862,1,,,,
25,100,12630,1,,,,
26,80,12566,1,,,,
27,100,12704,1,,,,
28,82,12570,1,,,,
29,104,12652,1,,,,
30,92,12644,1,,,,
31,90,12443,1,,,,
32,86,12467,1,,,,
33,98,12407,1,,,,
34,88,12423,1,,,,
35,88,12442,1,,,,
36,89,12248,1,,,,
37,89,12136,1,,,,
38,78,12006,1,,,,
39,96,12180,1,,,,
40,130,12130,1,,,,
41,85,12154,1,,,,
42,92,12078,1,,,,
43,81,11851,1,,,,
44,78,11964,1,,,,
45,97,11854,1,,,,
46,93,11922,1,,,,
47,93,11911,1,,,,
48,106,11848,1,,,,
49,99,11831,1,,,,
50,77,11655,1,,,,
51,107,11743,1,,,,
52,98,11633,1,,,,
53,103,11666,1,,,,
54,95,11522,1,,,,
55,99,11471,1,,,,
56,101,11490,1,,,,
57,116,11335,1,,,,
58,113,11417,1,,,,
59,102,11274,1,,,,
60,123,11280,1,,,,
61,107,11136,1,,,,
62,130,11128,1,,,,
63,130,11105,1,,,,
64,118,10599,1,,,,
65,161,10652,1,,,,
66,121,10710,1,,,,
67,127,10721,1,,,,
68,139,10639,1,,,,
69,110,10613,1,,,,
70,123,10657,1,,,,
71,123,10568,1,,,,
72,103,10502,1,,,,
73,147,10410,1,,,,
74,116,10335,1,,,,
75,149,10586,1,,,,
76,155,10507,1,,,,
77,146,10601,1,,,,
78,141,10622,1,,,,
79,158,10521,1,,,,
80,119,10406,1,,,,
81,105,10375,1,,,,
82,122,10358,1,,,,
83,145,10333,1,,,,
84,118,10236,1,,,,
85,115,10018,1,,,,
86,130,9948,1,,,,
87,161,10098,1,,,,
88,155,10032,1,,,,
89,122,10012,1,,,,
90,143,10040,1,,,,
91,153,10021,1,,,,
92,147,9882,1,,,,
93,135,9835,1,,,,
94,161,9770,1,,,,
95,148,9647,1,,,,
96,164,9583,1,,,,
97,164,9475,1,,,,
98,152,9276,1,,,,
99,184,9415,1,,,,
100,171,9361,1,,,,
101,172,9376,1,,,,
102,157,9225,1,,,,
103,152,9092,1,,,,
104,173,9099,1,,,,
105,163,9006,1,,,,
106,144,9086,1,,,,
107,145,9092,1,,,,
108,136,9040,1,,,,
109,156,8955,1,,,,
110,146,8871,1,,,,
111,161,8978,1,,,,
112,148,8844,1,,,,
113,156,8819,1,,,,
114,138,8591,1,,,,
115,140,8521,1,,,,
116,87,8455,1,,,,
117,110,8331,1,,,,
118,110,8459,1,,,,
119,121,8290,1,,,,
120,108,8346,1,,,,
1,521,13637,2,,,,
2,438,13503,2,,,,
3,521,13568,2,,,,
4,525,13508,2,,,,
5,497,13461,2,,,,
6,506,13545,2,,,,
7,559,13583,2,,,,
8,503,13440,2,,,,
9,464,13349,2,,,,
10,500,13422,2,,,,
11,473,13284,2,,,,
12,525,13280,2,,,,
13,482,13108,2,,,,
14,489,13105,2,,,,
15,549,13214,2,,,,
16,565,13198,2,,,,
17,560,13218,2,,,,
18,559,13153,2,,,,
19,535,13036,2,,,,
20,507,13069,2,,,,
21,539,12980,2,,,,
22,532,12990,2,,,,
23,563,12918,2,,,,
24,562,12862,2,,,,
25,543,12630,2,,,,
26,522,12566,2,,,,
27,564,12704,2,,,,
28,516,12570,2,,,,
29,584,12652,2,,,,
30,560,12644,2,,,,
31,581,12443,2,,,,
32,552,12467,2,,,,
33,552,12407,2,,,,
34,479,12423,2,,,,
35,587,12442,2,,,,
36,542,12248,2,,,,
37,549,12136,2,,,,
38,528,12006,2,,,,
39,556,12180,2,,,,
40,512,12130,2,,,,
41,616,12154,2,,,,
42,590,12078,2,,,,
43,557,11851,2,,,,
44,571,11964,2,,,,
45,553,11854,2,,,,
46,548,11922,2,,,,
47,547,11911,2,,,,
48,570,11848,2,,,,
49,574,11831,2,,,,
50,564,11655,2,,,,
51,666,11743,2,,,,
52,581,11633,2,,,,
53,595,11666,2,,,,
54,603,11522,2,,,,
55,546,11471,2,,,,
56,664,11490,2,,,,
57,600,11335,2,,,,
58,567,11417,2,,,,
59,541,11274,2,,,,
60,596,11280,2,,,,
61,567,11136,2,,,,
62,606,11128,2,,,,
63,523,11105,2,,,,
64,460,10599,2,,,,
65,565,10652,2,,,,
66,594,10710,2,,,,
67,615,10721,2,,,,
68,589,10639,2,,,,
69,599,10613,2,,,,
70,612,10657,2,,,,
71,597,10568,2,,,,
72,563,10502,2,,,,
73,538,10410,2,,,,
74,530,10335,2,,,,
75,630,10586,2,,,,
76,603,10507,2,,,,
77,613,10601,2,,,,
78,643,10622,2,,,,
79,624,10521,2,,,,
80,579,10406,2,,,,
81,548,10375,2,,,,
82,565,10358,2,,,,
83,563,10333,2,,,,
84,574,10236,2,,,,
85,530,10018,2,,,,
86,583,9948,2,,,,
87,591,10098,2,,,,
88,592,10032,2,,,,
89,604,10012,2,,,,
90,574,10040,2,,,,
91,671,10021,2,,,,
92,601,9882,2,,,,
93,577,9835,2,,,,
94,622,9770,2,,,,
95,611,9647,2,,,,
96,598,9583,2,,,,
97,611,9475,2,,,,
98,613,9276,2,,,,
99,629,9415,2,,,,
100,666,9361,2,,,,
101,710,9376,2,,,,
102,664,9225,2,,,,
103,682,9092,2,,,,
104,672,9099,2,,,,
105,639,9006,2,,,,
106,728,9086,2,,,,
107,686,9092,2,,,,
108,757,9040,2,,,,
109,733,8955,2,,,,
110,671,8871,2,,,,
111,791,8978,2,,,,
112,744,8844,2,,,,
113,794,8819,2,,,,
114,820,8591,2,,,,
115,759,8521,2,,,,
116,833,8455,2,,,,
117,743,8331,2,,,,
118,817,8459,2,,,,
119,759,8290,2,,,,
120,769,8346,2,,,,
1,563,13637,7,,,,
2,488,13503,7,,,,
3,578,13568,7,,,,
4,569,13508,7,,,,
5,561,13461,7,,,,
6,561,13545,7,,,,
7,615,13583,7,,,,
8,582,13440,7,,,,
9,531,13349,7,,,,
10,557,13422,7,,,,
11,521,13284,7,,,,
12,592,13280,7,,,,
13,559,13108,7,,,,
14,563,13105,7,,,,
15,635,13214,7,,,,
16,636,13198,7,,,,
17,632,13218,7,,,,
18,646,13153,7,,,,
19,640,13036,7,,,,
20,592,13069,7,,,,
21,610,12980,7,,,,
22,600,12990,7,,,,
23,665,12918,7,,,,
24,677,12862,7,,,,
25,643,12630,7,,,,
26,602,12566,7,,,,
27,664,12704,7,,,,
28,598,12570,7,,,,
29,688,12652,7,,,,
30,652,12644,7,,,,
31,671,12443,7,,,,
32,638,12467,7,,,,
33,650,12407,7,,,,
34,567,12423,7,,,,
35,675,12442,7,,,,
36,631,12248,7,,,,
37,638,12136,7,,,,
38,606,12006,7,,,,
39,652,12180,7,,,,
40,642,12130,7,,,,
41,701,12154,7,,,,
42,682,12078,7,,,,
43,638,11851,7,,,,
44,649,11964,7,,,,
45,650,11854,7,,,,
46,641,11922,7,,,,
47,640,11911,7,,,,
48,676,11848,7,,,,
49,673,11831,7,,,,
50,641,11655,7,,,,
51,773,11743,7,,,,
52,679,11633,7,,,,
53,698,11666,7,,,,
54,698,11522,7,,,,
55,645,11471,7,,,,
56,765,11490,7,,,,
57,716,11335,7,,,,
58,680,11417,7,,,,
59,643,11274,7,,,,
60,719,11280,7,,,,
61,674,11136,7,,,,
62,736,11128,7,,,,
63,653,11105,7,,,,
64,578,10599,7,,,,
65,726,10652,7,,,,
66,715,10710,7,,,,
67,742,10721,7,,,,
68,728,10639,7,,,,
69,709,10613,7,,,,
70,735,10657,7,,,,
71,720,10568,7,,,,
72,666,10502,7,,,,
73,685,10410,7,,,,
74,646,10335,7,,,,
75,779,10586,7,,,,
76,758,10507,7,,,,
77,759,10601,7,,,,
78,784,10622,7,,,,
79,782,10521,7,,,,
80,698,10406,7,,,,
81,653,10375,7,,,,
82,687,10358,7,,,,
83,708,10333,7,,,,
84,692,10236,7,,,,
85,645,10018,7,,,,
86,713,9948,7,,,,
87,752,10098,7,,,,
88,747,10032,7,,,,
89,726,10012,7,,,,
90,717,10040,7,,,,
91,824,10021,7,,,,
92,748,9882,7,,,,
93,712,9835,7,,,,
94,783,9770,7,,,,
95,759,9647,7,,,,
96,762,9583,7,,,,
97,775,9475,7,,,,
98,765,9276,7,,,,
99,813,9415,7,,,,
100,837,9361,7,,,,
101,882,9376,7,,,,
102,821,9225,7,,,,
103,834,9092,7,,,,
104,845,9099,7,,,,
105,802,9006,7,,,,
106,872,9086,7,,,,
107,831,9092,7,,,,
108,893,9040,7,,,,
109,889,8955,7,,,,
110,817,8871,7,,,,
111,952,8978,7,,,,
112,892,8844,7,,,,
113,950,8819,7,,,,
114,958,8591,7,,,,
115,899,8521,7,,,,
116,920,8455,7,,,,
117,853,8331,7,,,,
118,927,8459,7,,,,
119,880,8290,7,,,,
120,877,8346,7,,,,