Month,Donor_MoD,Tx_Count,Active_waitlist,,,,
1,1,42,13637,,,0,Missing
2,1,50,13503,,Key,1,Drug Overdose
3,1,57,13568,,,2,Cardiovascular
4,1,44,13508,,,3,Gunshot wound
5,1,64,13461,,,4,Blunt Injury
6,1,55,13545,,,5,ICH/stroke
7,1,56,13583,,,6,Others
8,1,79,13440,,,7,Total
9,1,67,13349,,,,
10,1,57,13422,,,,
11,1,48,13284,,,,
12,1,67,13280,,,,
13,1,77,13108,,,,
14,1,74,13105,,,,
15,1,86,13214,,,,
16,1,70,13198,,,,
17,1,72,13218,,,,
18,1,87,13153,,,,
19,1,105,13036,,,,
20,1,85,13069,,,,
21,1,71,12980,,,,
22,1,68,12990,,,,
23,1,102,12918,,,,
24,1,115,12862,,,,
25,1,100,12630,,,,
26,1,80,12566,,,,
27,1,100,12704,,,,
28,1,82,12570,,,,
29,1,104,12652,,,,
30,1,92,12644,,,,
31,1,90,12443,,,,
32,1,86,12467,,,,
33,1,98,12407,,,,
34,1,88,12423,,,,
35,1,88,12442,,,,
36,1,89,12248,,,,
37,1,89,12136,,,,
38,1,78,12006,,,,
39,1,96,12180,,,,
40,1,130,12130,,,,
41,1,85,12154,,,,
42,1,92,12078,,,,
43,1,81,11851,,,,
44,1,78,11964,,,,
45,1,97,11854,,,,
46,1,93,11922,,,,
47,1,93,11911,,,,
48,1,106,11848,,,,
49,1,99,11831,,,,
50,1,77,11655,,,,
51,1,107,11743,,,,
52,1,98,11633,,,,
53,1,103,11666,,,,
54,1,95,11522,,,,
55,1,99,11471,,,,
56,1,101,11490,,,,
57,1,116,11335,,,,
58,1,113,11417,,,,
59,1,102,11274,,,,
60,1,123,11280,,,,
61,1,107,11136,,,,
62,1,130,11128,,,,
63,1,130,11105,,,,
64,1,118,10599,,,,
65,1,161,10652,,,,
66,1,121,10710,,,,
67,1,127,10721,,,,
68,1,139,10639,,,,
69,1,110,10613,,,,
70,1,123,10657,,,,
71,1,123,10568,,,,
72,1,103,10502,,,,
73,1,147,10410,,,,
74,1,116,10335,,,,
75,1,149,10586,,,,
76,1,155,10507,,,,
77,1,146,10601,,,,
78,1,141,10622,,,,
79,1,158,10521,,,,
80,1,119,10406,,,,
81,1,105,10375,,,,
82,1,122,10358,,,,
83,1,145,10333,,,,
84,1,118,10236,,,,
85,1,115,10018,,,,
86,1,130,9948,,,,
87,1,161,10098,,,,
88,1,155,10032,,,,
89,1,122,10012,,,,
90,1,143,10040,,,,
91,1,153,10021,,,,
92,1,147,9882,,,,
93,1,135,9835,,,,
94,1,161,9770,,,,
95,1,148,9647,,,,
96,1,164,9583,,,,
97,1,164,9475,,,,
98,1,152,9276,,,,
99,1,184,9415,,,,
100,1,171,9361,,,,
101,1,172,9376,,,,
102,1,157,9225,,,,
103,1,152,9092,,,,
104,1,173,9099,,,,
105,1,163,9006,,,,
106,1,144,9086,,,,
107,1,145,9092,,,,
108,1,136,9040,,,,
109,1,156,8955,,,,
110,1,146,8871,,,,
111,1,161,8978,,,,
112,1,148,8844,,,,
113,1,156,8819,,,,
114,1,138,8591,,,,
115,1,140,8521,,,,
116,1,87,8455,,,,
117,1,110,8331,,,,
118,1,110,8459,,,,
119,1,121,8290,,,,
120,1,108,8346,,,,
1,2,93,13637,,,,
2,2,64,13503,,,,
3,2,84,13568,,,,
4,2,96,13508,,,,
5,2,83,13461,,,,
6,2,86,13545,,,,
7,2,101,13583,,,,
8,2,91,13440,,,,
9,2,79,13349,,,,
10,2,80,13422,,,,
11,2,98,13284,,,,
12,2,112,13280,,,,
13,2,93,13108,,,,
14,2,96,13105,,,,
15,2,112,13214,,,,
16,2,103,13198,,,,
17,2,100,13218,,,,
18,2,98,13153,,,,
19,2,83,13036,,,,
20,2,75,13069,,,,
21,2,90,12980,,,,
22,2,102,12990,,,,
23,2,113,12918,,,,
24,2,116,12862,,,,
25,2,102,12630,,,,
26,2,95,12566,,,,
27,2,122,12704,,,,
28,2,107,12570,,,,
29,2,110,12652,,,,
30,2,85,12644,,,,
31,2,106,12443,,,,
32,2,109,12467,,,,
33,2,103,12407,,,,
34,2,106,12423,,,,
35,2,110,12442,,,,
36,2,102,12248,,,,
37,2,106,12136,,,,
38,2,116,12006,,,,
39,2,113,12180,,,,
40,2,100,12130,,,,
41,2,112,12154,,,,
42,2,115,12078,,,,
43,2,96,11851,,,,
44,2,110,11964,,,,
45,2,102,11854,,,,
46,2,112,11922,,,,
47,2,118,11911,,,,
48,2,114,11848,,,,
49,2,113,11831,,,,
50,2,131,11655,,,,
51,2,143,11743,,,,
52,2,116,11633,,,,
53,2,107,11666,,,,
54,2,118,11522,,,,
55,2,101,11471,,,,
56,2,112,11490,,,,
57,2,132,11335,,,,
58,2,111,11417,,,,
59,2,120,11274,,,,
60,2,142,11280,,,,
61,2,132,11136,,,,
62,2,144,11128,,,,
63,2,104,11105,,,,
64,2,89,10599,,,,
65,2,124,10652,,,,
66,2,121,10710,,,,
67,2,143,10721,,,,
68,2,110,10639,,,,
69,2,116,10613,,,,
70,2,124,10657,,,,
71,2,131,10568,,,,
72,2,117,10502,,,,
73,2,115,10410,,,,
74,2,116,10335,,,,
75,2,145,10586,,,,
76,2,146,10507,,,,
77,2,106,10601,,,,
78,2,130,10622,,,,
79,2,138,10521,,,,
80,2,106,10406,,,,
81,2,96,10375,,,,
82,2,102,10358,,,,
83,2,118,10333,,,,
84,2,110,10236,,,,
85,2,125,10018,,,,
86,2,127,9948,,,,
87,2,126,10098,,,,
88,2,134,10032,,,,
89,2,132,10012,,,,
90,2,124,10040,,,,
91,2,125,10021,,,,
92,2,119,9882,,,,
93,2,104,9835,,,,
94,2,154,9770,,,,
95,2,128,9647,,,,
96,2,151,9583,,,,
97,2,117,9475,,,,
98,2,136,9276,,,,
99,2,154,9415,,,,
100,2,170,9361,,,,
101,2,149,9376,,,,
102,2,132,9225,,,,
103,2,144,9092,,,,
104,2,150,9099,,,,
105,2,134,9006,,,,
106,2,175,9086,,,,
107,2,164,9092,,,,
108,2,187,9040,,,,
109,2,181,8955,,,,
110,2,187,8871,,,,
111,2,207,8978,,,,
112,2,170,8844,,,,
113,2,208,8819,,,,
114,2,198,8591,,,,
115,2,159,8521,,,,
116,2,208,8455,,,,
117,2,179,8331,,,,
118,2,197,8459,,,,
119,2,200,8290,,,,
120,2,224,8346,,,,
1,3,60,13637,,,,
2,3,40,13503,,,,
3,3,58,13568,,,,
4,3,66,13508,,,,
5,3,58,13461,,,,
6,3,65,13545,,,,
7,3,65,13583,,,,
8,3,52,13440,,,,
9,3,50,13349,,,,
10,3,49,13422,,,,
11,3,55,13284,,,,
12,3,60,13280,,,,
13,3,72,13108,,,,
14,3,60,13105,,,,
15,3,57,13214,,,,
16,3,62,13198,,,,
17,3,59,13218,,,,
18,3,58,13153,,,,
19,3,68,13036,,,,
20,3,58,13069,,,,
21,3,64,12980,,,,
22,3,59,12990,,,,
23,3,69,12918,,,,
24,3,55,12862,,,,
25,3,71,12630,,,,
26,3,64,12566,,,,
27,3,64,12704,,,,
28,3,74,12570,,,,
29,3,73,12652,,,,
30,3,45,12644,,,,
31,3,68,12443,,,,
32,3,57,12467,,,,
33,3,67,12407,,,,
34,3,55,12423,,,,
35,3,77,12442,,,,
36,3,65,12248,,,,
37,3,83,12136,,,,
38,3,73,12006,,,,
39,3,74,12180,,,,
40,3,56,12130,,,,
41,3,67,12154,,,,
42,3,60,12078,,,,
43,3,69,11851,,,,
44,3,55,11964,,,,
45,3,66,11854,,,,
46,3,44,11922,,,,
47,3,43,11911,,,,
48,3,60,11848,,,,
49,3,56,11831,,,,
50,3,60,11655,,,,
51,3,60,11743,,,,
52,3,62,11633,,,,
53,3,70,11666,,,,
54,3,73,11522,,,,
55,3,44,11471,,,,
56,3,79,11490,,,,
57,3,62,11335,,,,
58,3,65,11417,,,,
59,3,69,11274,,,,
60,3,60,11280,,,,
61,3,55,11136,,,,
62,3,65,11128,,,,
63,3,69,11105,,,,
64,3,56,10599,,,,
65,3,59,10652,,,,
66,3,68,10710,,,,
67,3,64,10721,,,,
68,3,72,10639,,,,
69,3,69,10613,,,,
70,3,66,10657,,,,
71,3,74,10568,,,,
72,3,74,10502,,,,
73,3,70,10410,,,,
74,3,74,10335,,,,
75,3,67,10586,,,,
76,3,61,10507,,,,
77,3,71,10601,,,,
78,3,85,10622,,,,
79,3,79,10521,,,,
80,3,66,10406,,,,
81,3,68,10375,,,,
82,3,70,10358,,,,
83,3,80,10333,,,,
84,3,63,10236,,,,
85,3,59,10018,,,,
86,3,66,9948,,,,
87,3,60,10098,,,,
88,3,64,10032,,,,
89,3,68,10012,,,,
90,3,66,10040,,,,
91,3,74,10021,,,,
92,3,69,9882,,,,
93,3,56,9835,,,,
94,3,63,9770,,,,
95,3,62,9647,,,,
96,3,56,9583,,,,
97,3,71,9475,,,,
98,3,64,9276,,,,
99,3,59,9415,,,,
100,3,66,9361,,,,
101,3,74,9376,,,,
102,3,63,9225,,,,
103,3,80,9092,,,,
104,3,70,9099,,,,
105,3,55,9006,,,,
106,3,65,9086,,,,
107,3,65,9092,,,,
108,3,63,9040,,,,
109,3,79,8955,,,,
110,3,66,8871,,,,
111,3,54,8978,,,,
112,3,72,8844,,,,
113,3,65,8819,,,,
114,3,56,8591,,,,
115,3,74,8521,,,,
116,3,84,8455,,,,
117,3,52,8331,,,,
118,3,68,8459,,,,
119,3,55,8290,,,,
120,3,63,8346,,,,
1,4,104,13637,,,,
2,4,98,13503,,,,
3,4,118,13568,,,,
4,4,106,13508,,,,
5,4,125,13461,,,,
6,4,137,13545,,,,
7,4,149,13583,,,,
8,4,138,13440,,,,
9,4,111,13349,,,,
10,4,136,13422,,,,
11,4,104,13284,,,,
12,4,99,13280,,,,
13,4,78,13108,,,,
14,4,94,13105,,,,
15,4,110,13214,,,,
16,4,128,13198,,,,
17,4,136,13218,,,,
18,4,143,13153,,,,
19,4,123,13036,,,,
20,4,114,13069,,,,
21,4,129,12980,,,,
22,4,122,12990,,,,
23,4,127,12918,,,,
24,4,118,12862,,,,
25,4,100,12630,,,,
26,4,93,12566,,,,
27,4,133,12704,,,,
28,4,104,12570,,,,
29,4,138,12652,,,,
30,4,140,12644,,,,
31,4,154,12443,,,,
32,4,131,12467,,,,
33,4,164,12407,,,,
34,4,107,12423,,,,
35,4,153,12442,,,,
36,4,140,12248,,,,
37,4,93,12136,,,,
38,4,112,12006,,,,
39,4,110,12180,,,,
40,4,113,12130,,,,
41,4,139,12154,,,,
42,4,144,12078,,,,
43,4,129,11851,,,,
44,4,133,11964,,,,
45,4,141,11854,,,,
46,4,124,11922,,,,
47,4,128,11911,,,,
48,4,109,11848,,,,
49,4,113,11831,,,,
50,4,100,11655,,,,
51,4,135,11743,,,,
52,4,126,11633,,,,
53,4,123,11666,,,,
54,4,139,11522,,,,
55,4,127,11471,,,,
56,4,158,11490,,,,
57,4,145,11335,,,,
58,4,124,11417,,,,
59,4,91,11274,,,,
60,4,113,11280,,,,
61,4,96,11136,,,,
62,4,114,11128,,,,
63,4,110,11105,,,,
64,4,106,10599,,,,
65,4,113,10652,,,,
66,4,148,10710,,,,
67,4,143,10721,,,,
68,4,141,10639,,,,
69,4,147,10613,,,,
70,4,155,10657,,,,
71,4,106,10568,,,,
72,4,111,10502,,,,
73,4,97,10410,,,,
74,4,80,10335,,,,
75,4,131,10586,,,,
76,4,119,10507,,,,
77,4,138,10601,,,,
78,4,138,10622,,,,
79,4,142,10521,,,,
80,4,145,10406,,,,
81,4,148,10375,,,,
82,4,139,10358,,,,
83,4,117,10333,,,,
84,4,116,10236,,,,
85,4,97,10018,,,,
86,4,114,9948,,,,
87,4,110,10098,,,,
88,4,120,10032,,,,
89,4,135,10012,,,,
90,4,136,10040,,,,
91,4,143,10021,,,,
92,4,146,9882,,,,
93,4,155,9835,,,,
94,4,130,9770,,,,
95,4,120,9647,,,,
96,4,108,9583,,,,
97,4,117,9475,,,,
98,4,115,9276,,,,
99,4,110,9415,,,,
100,4,139,9361,,,,
101,4,160,9376,,,,
102,4,165,9225,,,,
103,4,145,9092,,,,
104,4,157,9099,,,,
105,4,159,9006,,,,
106,4,143,9086,,,,
107,4,127,9092,,,,
108,4,139,9040,,,,
109,4,107,8955,,,,
110,4,90,8871,,,,
111,4,144,8978,,,,
112,4,150,8844,,,,
113,4,138,8819,,,,
114,4,180,8591,,,,
115,4,131,8521,,,,
116,4,175,8455,,,,
117,4,156,8331,,,,
118,4,153,8459,,,,
119,4,132,8290,,,,
120,4,100,8346,,,,
1,5,186,13637,,,,
2,5,180,13503,,,,
3,5,206,13568,,,,
4,5,186,13508,,,,
5,5,174,13461,,,,
6,5,131,13545,,,,
7,5,151,13583,,,,
8,5,155,13440,,,,
9,5,164,13349,,,,
10,5,164,13422,,,,
11,5,153,13284,,,,
12,5,178,13280,,,,
13,5,173,13108,,,,
14,5,179,13105,,,,
15,5,188,13214,,,,
16,5,200,13198,,,,
17,5,185,13218,,,,
18,5,178,13153,,,,
19,5,175,13036,,,,
20,5,180,13069,,,,
21,5,173,12980,,,,
22,5,181,12990,,,,
23,5,179,12918,,,,
24,5,188,12862,,,,
25,5,183,12630,,,,
26,5,202,12566,,,,
27,5,166,12704,,,,
28,5,158,12570,,,,
29,5,184,12652,,,,
30,5,179,12644,,,,
31,5,156,12443,,,,
32,5,160,12467,,,,
33,5,138,12407,,,,
34,5,151,12423,,,,
35,5,187,12442,,,,
36,5,165,12248,,,,
37,5,192,12136,,,,
38,5,159,12006,,,,
39,5,178,12180,,,,
40,5,159,12130,,,,
41,5,198,12154,,,,
42,5,174,12078,,,,
43,5,159,11851,,,,
44,5,163,11964,,,,
45,5,153,11854,,,,
46,5,173,11922,,,,
47,5,172,11911,,,,
48,5,200,11848,,,,
49,5,189,11831,,,,
50,5,175,11655,,,,
51,5,217,11743,,,,
52,5,194,11633,,,,
53,5,183,11666,,,,
54,5,164,11522,,,,
55,5,173,11471,,,,
56,5,191,11490,,,,
57,5,169,11335,,,,
58,5,178,11417,,,,
59,5,182,11274,,,,
60,5,194,11280,,,,
61,5,175,11136,,,,
62,5,180,11128,,,,
63,5,160,11105,,,,
64,5,148,10599,,,,
65,5,187,10652,,,,
66,5,176,10710,,,,
67,5,154,10721,,,,
68,5,171,10639,,,,
69,5,176,10613,,,,
70,5,173,10657,,,,
71,5,189,10568,,,,
72,5,166,10502,,,,
73,5,192,10410,,,,
74,5,170,10335,,,,
75,5,187,10586,,,,
76,5,207,10507,,,,
77,5,205,10601,,,,
78,5,197,10622,,,,
79,5,174,10521,,,,
80,5,164,10406,,,,
81,5,154,10375,,,,
82,5,157,10358,,,,
83,5,169,10333,,,,
84,5,191,10236,,,,
85,5,167,10018,,,,
86,5,186,9948,,,,
87,5,201,10098,,,,
88,5,187,10032,,,,
89,5,179,10012,,,,
90,5,165,10040,,,,
91,5,218,10021,,,,
92,5,159,9882,,,,
93,5,164,9835,,,,
94,5,198,9770,,,,
95,5,193,9647,,,,
96,5,177,9583,,,,
97,5,204,9475,,,,
98,5,194,9276,,,,
99,5,194,9415,,,,
100,5,197,9361,,,,
101,5,197,9376,,,,
102,5,184,9225,,,,
103,5,189,9092,,,,
104,5,182,9099,,,,
105,5,188,9006,,,,
106,5,220,9086,,,,
107,5,222,9092,,,,
108,5,248,9040,,,,
109,5,249,8955,,,,
110,5,220,8871,,,,
111,5,271,8978,,,,
112,5,234,8844,,,,
113,5,240,8819,,,,
114,5,232,8591,,,,
115,5,242,8521,,,,
116,5,231,8455,,,,
117,5,233,8331,,,,
118,5,256,8459,,,,
119,5,239,8290,,,,
120,5,247,8346,,,,
1,6,78,13637,,,,
2,6,56,13503,,,,
3,6,55,13568,,,,
4,6,71,13508,,,,
5,6,57,13461,,,,
6,6,87,13545,,,,
7,6,93,13583,,,,
8,6,67,13440,,,,
9,6,60,13349,,,,
10,6,71,13422,,,,
11,6,63,13284,,,,
12,6,76,13280,,,,
13,6,66,13108,,,,
14,6,60,13105,,,,
15,6,82,13214,,,,
16,6,72,13198,,,,
17,6,80,13218,,,,
18,6,82,13153,,,,
19,6,86,13036,,,,
20,6,80,13069,,,,
21,6,83,12980,,,,
22,6,68,12990,,,,
23,6,75,12918,,,,
24,6,85,12862,,,,
25,6,87,12630,,,,
26,6,68,12566,,,,
27,6,79,12704,,,,
28,6,73,12570,,,,
29,6,79,12652,,,,
30,6,111,12644,,,,
31,6,97,12443,,,,
32,6,95,12467,,,,
33,6,80,12407,,,,
34,6,60,12423,,,,
35,6,60,12442,,,,
36,6,70,12248,,,,
37,6,75,12136,,,,
38,6,68,12006,,,,
39,6,81,12180,,,,
40,6,84,12130,,,,
41,6,100,12154,,,,
42,6,97,12078,,,,
43,6,104,11851,,,,
44,6,110,11964,,,,
45,6,91,11854,,,,
46,6,95,11922,,,,
47,6,86,11911,,,,
48,6,87,11848,,,,
49,6,103,11831,,,,
50,6,98,11655,,,,
51,6,111,11743,,,,
52,6,83,11633,,,,
53,6,112,11666,,,,
54,6,109,11522,,,,
55,6,101,11471,,,,
56,6,124,11490,,,,
57,6,92,11335,,,,
58,6,89,11417,,,,
59,6,79,11274,,,,
60,6,87,11280,,,,
61,6,109,11136,,,,
62,6,103,11128,,,,
63,6,80,11105,,,,
64,6,61,10599,,,,
65,6,82,10652,,,,
66,6,81,10710,,,,
67,6,111,10721,,,,
68,6,95,10639,,,,
69,6,91,10613,,,,
70,6,94,10657,,,,
71,6,97,10568,,,,
72,6,95,10502,,,,
73,6,64,10410,,,,
74,6,90,10335,,,,
75,6,100,10586,,,,
76,6,70,10507,,,,
77,6,93,10601,,,,
78,6,93,10622,,,,
79,6,91,10521,,,,
80,6,98,10406,,,,
81,6,82,10375,,,,
82,6,97,10358,,,,
83,6,79,10333,,,,
84,6,94,10236,,,,
85,6,82,10018,,,,
86,6,90,9948,,,,
87,6,94,10098,,,,
88,6,87,10032,,,,
89,6,90,10012,,,,
90,6,83,10040,,,,
91,6,111,10021,,,,
92,6,108,9882,,,,
93,6,98,9835,,,,
94,6,77,9770,,,,
95,6,108,9647,,,,
96,6,106,9583,,,,
97,6,102,9475,,,,
98,6,104,9276,,,,
99,6,112,9415,,,,
100,6,94,9361,,,,
101,6,130,9376,,,,
102,6,120,9225,,,,
103,6,124,9092,,,,
104,6,113,9099,,,,
105,6,103,9006,,,,
106,6,125,9086,,,,
107,6,108,9092,,,,
108,6,120,9040,,,,
109,6,117,8955,,,,
110,6,108,8871,,,,
111,6,115,8978,,,,
112,6,118,8844,,,,
113,6,143,8819,,,,
114,6,154,8591,,,,
115,6,153,8521,,,,
116,6,135,8455,,,,
117,6,123,8331,,,,
118,6,143,8459,,,,
119,6,133,8290,,,,
120,6,135,8346,,,,
1,7,563,13637,,,,
2,7,488,13503,,,,
3,7,578,13568,,,,
4,7,569,13508,,,,
5,7,561,13461,,,,
6,7,561,13545,,,,
7,7,615,13583,,,,
8,7,582,13440,,,,
9,7,531,13349,,,,
10,7,557,13422,,,,
11,7,521,13284,,,,
12,7,592,13280,,,,
13,7,559,13108,,,,
14,7,563,13105,,,,
15,7,635,13214,,,,
16,7,636,13198,,,,
17,7,632,13218,,,,
18,7,646,13153,,,,
19,7,640,13036,,,,
20,7,592,13069,,,,
21,7,610,12980,,,,
22,7,600,12990,,,,
23,7,665,12918,,,,
24,7,677,12862,,,,
25,7,643,12630,,,,
26,7,602,12566,,,,
27,7,664,12704,,,,
28,7,598,12570,,,,
29,7,688,12652,,,,
30,7,652,12644,,,,
31,7,671,12443,,,,
32,7,638,12467,,,,
33,7,650,12407,,,,
34,7,567,12423,,,,
35,7,675,12442,,,,
36,7,631,12248,,,,
37,7,638,12136,,,,
38,7,606,12006,,,,
39,7,652,12180,,,,
40,7,642,12130,,,,
41,7,701,12154,,,,
42,7,682,12078,,,,
43,7,638,11851,,,,
44,7,649,11964,,,,
45,7,650,11854,,,,
46,7,641,11922,,,,
47,7,640,11911,,,,
48,7,676,11848,,,,
49,7,673,11831,,,,
50,7,641,11655,,,,
51,7,773,11743,,,,
52,7,679,11633,,,,
53,7,698,11666,,,,
54,7,698,11522,,,,
55,7,645,11471,,,,
56,7,765,11490,,,,
57,7,716,11335,,,,
58,7,680,11417,,,,
59,7,643,11274,,,,
60,7,719,11280,,,,
61,7,674,11136,,,,
62,7,736,11128,,,,
63,7,653,11105,,,,
64,7,578,10599,,,,
65,7,726,10652,,,,
66,7,715,10710,,,,
67,7,742,10721,,,,
68,7,728,10639,,,,
69,7,709,10613,,,,
70,7,735,10657,,,,
71,7,720,10568,,,,
72,7,666,10502,,,,
73,7,685,10410,,,,
74,7,646,10335,,,,
75,7,779,10586,,,,
76,7,758,10507,,,,
77,7,759,10601,,,,
78,7,784,10622,,,,
79,7,782,10521,,,,
80,7,698,10406,,,,
81,7,653,10375,,,,
82,7,687,10358,,,,
83,7,708,10333,,,,
84,7,692,10236,,,,
85,7,645,10018,,,,
86,7,713,9948,,,,
87,7,752,10098,,,,
88,7,747,10032,,,,
89,7,726,10012,,,,
90,7,717,10040,,,,
91,7,824,10021,,,,
92,7,748,9882,,,,
93,7,712,9835,,,,
94,7,783,9770,,,,
95,7,759,9647,,,,
96,7,762,9583,,,,
97,7,775,9475,,,,
98,7,765,9276,,,,
99,7,813,9415,,,,
100,7,837,9361,,,,
101,7,882,9376,,,,
102,7,821,9225,,,,
103,7,834,9092,,,,
104,7,845,9099,,,,
105,7,802,9006,,,,
106,7,872,9086,,,,
107,7,831,9092,,,,
108,7,893,9040,,,,
109,7,889,8955,,,,
110,7,817,8871,,,,
111,7,952,8978,,,,
112,7,892,8844,,,,
113,7,950,8819,,,,
114,7,958,8591,,,,
115,7,899,8521,,,,
116,7,920,8455,,,,
117,7,853,8331,,,,
118,7,927,8459,,,,
119,7,880,8290,,,,
120,7,877,8346,,,,